,행정동코드,총생활인구수,10대 생활인구 수,20대 생활인구 수,30대 생활인구 수,40대 생활인구 수,50대 생활인구 수,60대 생활인구 수,65세 이상 생활인구 수,낮시간대 생활인구,퇴근시간 생활인구,21-2,출근시간 생활인구
0,11110515,303120441.0072,33361990.843200002,42709122.136,45127588.78,53802776.1585,44234149.7333,61956583.4532,46014169.5463,117630378.1093,35007617.2873,111042270.4378,39440175.1728
1,11110530,412975952.3162,20203425.159,62619237.231199995,88420959.296,86398796.6494,65092326.378299996,75584864.5036,53142719.1006,199654531.0516,54399598.0697,104047274.1838,54874549.0111
2,11110540,94384192.1644,7280957.2631,17199210.9751,16730348.024,17114407.3624,14421663.9263,18809314.3561,13165348.830400001,44424394.174,10732468.6307,27584341.3086,11642988.0511
3,11110550,259212005.3262,29158470.7856,32622549.345799997,31769808.786399998,43010716.2591,41101438.9391,66905609.19589999,48618744.056099996,84152675.3584,31333268.811,110968671.9231,32757389.2337
4,11110560,323773161.876,33607524.2483,34591757.8982,36085870.9549,50611081.4507,55497174.7469,92267481.59149998,66172555.3038,102235597.0286,38958839.6692,141209987.9376,41368737.2406
5,11110570,119290892.2982,14047580.384,14659762.7677,14186921.134100001,17994653.485,17717461.7978,31599355.362800002,23134827.3186,33968920.2737,13415071.6656,56466035.6465,15440864.7124
6,11110580,125643023.6982,12536201.4397,14973539.9596,18556661.4072,23164938.3947,18708877.7724,26915359.7029,19660486.550300002,42721042.361999996,15706077.6949,50781801.7661,16434101.8752
7,11110600,122036860.9915,12569247.3847,16647783.6329,22267235.086000003,24355036.8143,19044679.964900002,21682184.513,15761453.576499999,55639934.940799996,13521396.3121,35764786.4566,17110743.282
8,11110615,1011957929.1958,30487687.2659,189671373.3248,206466984.30799997,203434724.3495,167565721.5009,195696690.57669997,133458726.3654,563320676.5185,138455936.3376,186741100.7248,123440215.6149
9,11110630,291673127.7449,11490057.135400001,45721492.285,47442153.8759,49012880.5075,57349575.8214,77230583.8847,52970550.054,147368470.161,34753606.7088,71523410.0233,38027640.8518
10,11110640,405162502.172,21856552.375699997,89763846.83129999,81078954.806,66652578.5184,58993359.589499995,75995907.7798,55198876.9394,186909614.1918,50665924.5465,114841143.8652,52745819.5685
11,11110650,516668503.2563,64926954.7058,162750333.66750002,63495022.3111,65711782.5257,59033320.0165,79955544.8757,59029442.3089,183013995.6922,70089331.1192,202100385.9501,61464790.4948
12,11110670,152758542.2858,5426064.5482,20738196.7276,23934000.841700003,25619953.6865,31160389.2878,43359277.71790001,29866239.668800004,57579835.2221,17725914.0773,58547573.5964,18905219.39
13,11110680,168311049.7057,10442653.991999999,24576114.7531,20926662.9692,22141956.1499,36705036.3073,48484868.7786,33890582.116,50485789.2595,19985860.3223,76892038.692,20947361.4319
14,11110690,85182149.8084,8348160.5012,10450006.677900001,12542834.444899999,13622173.5041,13920502.030499998,20219171.1765,14440165.406200001,22621428.5148,9376942.2531,41938287.7956,11245491.2449
15,11110700,139090914.9712,7614515.777299999,19056654.037,21425061.7639,22037646.5306,25949948.9481,36297569.924899995,26157223.1265,47887916.5969,18413882.4085,56112413.692499995,16676702.2733
16,11110710,227143977.9347,9935159.8848,40538129.6227,37670982.4881,35558812.3347,39941033.7014,57271895.803100005,40380592.2336,81595032.7071,25026086.4247,92067697.7873,28455161.0156
17,11140520,465435733.175,16888129.5659,74085222.91510001,116732059.4047,112143564.95809999,75530823.39829999,53862970.125300005,32471938.222500004,278843798.0124,50604585.9958,66267794.1708,69719554.996
18,11140540,421922741.6346,9537326.9621,60697564.2438,95453757.8663,93727993.014,72626742.54519999,83469002.6044,55946657.9476,251453438.622,46528767.6508,67146225.917,56794309.4448
19,11140550,568712419.6946,15657226.124400001,111394211.2907,149045120.82999998,131771490.0816,84001490.3431,66953128.7138,42636257.8098,336402340.6032,69965725.2824,82157594.5884,80186759.2206
20,11140570,203457112.7187,13948607.2873,47552924.5387,36132385.599700004,35101185.4261,31691066.4632,33484267.2425,22555534.904200003,98427040.4645,24603120.5964,54507086.098799996,25919865.559
21,11140580,195666395.0445,9353195.706799999,47025942.650000006,39098442.0747,34817078.433,28804994.8185,32802446.988,22063739.3297,86473002.4341,23867292.5685,59302332.5857,26023767.4562
22,11140590,382180393.3094,14624855.9531,76419993.4057,83217204.7855,73434053.5789,61407404.2868,66806015.6313,43446380.636700004,178180444.1689,49026772.3733,107802545.8541,47170630.9131
23,11140605,298732015.6153,5468031.6442,45878332.3953,58161770.3723,61582681.4083,59567506.872700006,64933716.782000005,42379341.3208,165017524.2897,36747091.9161,55585344.1159,41382055.2936
24,11140615,399608862.139,13232554.881000001,69098348.08309999,92310243.9472,76912471.70639999,64664110.593,76331241.1373,50812523.4632,139425688.9252,47328305.0628,163438690.0143,49416178.1367
25,11140625,258476412.1257,17020390.6244,40500619.0647,46632204.1019,41561023.5965,37640827.283,60954681.3283,44879139.620799996,88003954.1312,32424250.601,105094332.6818,32953874.7117
26,11140635,264232189.9616,14896519.4242,30462777.084200002,44393317.5714,42711185.3431,38782011.186400004,74888354.8827,55689691.8398,80315496.6558,33789524.7582,117784795.4935,32342373.0541
27,11140645,209344711.868,16860780.5092,26074805.8328,35265124.693399996,31314885.0768,31827283.1708,51916138.8749,38312036.8708,59396649.7021,23715559.8579,99959661.0239,26272841.2841
28,11140650,176734717.1817,10731812.163800001,26533619.300499998,30096785.544299997,28645764.7963,30485233.492000002,40505403.4743,28169608.528399996,58991558.0426,24260182.624,72095590.9312,21387385.5839
29,11140665,167650655.2948,12070869.7458,21516768.9793,26967907.6544,26633760.0457,28694816.526100002,42313532.5142,29939433.5085,54271103.6584,20890519.6296,71661114.6733,20827917.3335
30,11140670,229339698.6099,9521153.4376,36258509.2491,49633330.4242,36646152.894999996,32969263.6022,49927201.446899995,35673431.1269,76789257.8298,27666219.677,96194680.1591,28689540.944
31,11140680,159414734.6957,7302029.7566,21082855.0051,34046984.8449,32801972.3777,25875966.2414,30434797.2897,21520223.2399,64388071.7581,18826609.5589,55340761.159099996,20859292.2196
32,11170510,243368737.3337,17577338.710199997,33318107.1473,45719660.982700005,41921746.8476,36239736.480100006,54866421.2829,38589602.4216,73645180.8429,27902862.71,110970632.1126,30850061.6682
33,11170520,213022548.2292,14491627.528900001,38016371.255,46076510.5778,35057354.7405,25386599.3922,45145816.1952,32681025.9597,69459623.6094,27673483.692,89121586.6593,26767854.2685
34,11170530,268593629.1953,12106938.5587,51357903.9929,55168178.987500004,49405272.5099,42521780.111099996,51714895.06649999,34853581.5844,120599004.3571,35784938.3705,74178643.8738,38031042.5939
35,11170555,392042124.1304,35908439.0712,88973307.9192,71089968.4659,57050735.0688,52849175.2795,70748246.8252,50932608.5172,133482522.2621,47747203.3401,160685493.2775,50126905.2507
36,11170560,371182804.2612,19931399.3147,58731612.4062,88867352.3606,68263724.5535,51062880.7257,59623048.1135,40685062.9463,130374436.7797,45131677.9737,147294433.6614,48382255.8464
37,11170570,260229776.2442,23777427.6321,31808112.5513,44539631.0823,44133817.650199994,40100417.039299995,59368864.2667,43297598.601500005,80899158.7175,28426098.3199,117118504.5443,33786014.6625
38,11170580,176225312.5407,15364579.332400002,25649414.3607,31148454.7778,27843618.2082,25211904.6884,38702220.5715,28214344.2338,56168821.4921,22831009.5813,75068135.4434,22157346.0239
39,11170590,152478179.3624,11415631.2416,19726418.376000002,27475379.0119,24371020.1983,22884800.8508,36250166.3361,26299358.7158,40832691.8669,17221136.219,75773542.22,18650809.0565
40,11170625,820133805.3488,40237947.572799996,158352733.1631,196671458.24519998,156907694.8269,112927883.1052,121507607.7078,83016553.4409,358668707.3337,111780372.2435,247274807.5622,102409918.2094
41,11170630,469247565.4108,43629643.9693,43889126.5386,66951700.548499994,89404823.6252,75387717.4565,109130655.26339999,78234051.6556,151028615.225,59173910.7314,197702800.9512,61342238.5032
42,11170640,126347833.3924,8041615.7236,13448529.572,22234957.401300002,21331829.5205,19285376.5561,33167607.1949,23662386.8358,38341384.1288,15668177.7022,55691839.5984,16646431.963
43,11170650,207831276.7724,8773209.509,48515164.5941,46403009.328600004,34081935.6655,27640192.880400002,37053983.8384,26323305.8704,73817910.679,30594176.5183,79965233.8041,23453955.771
44,11170660,196522100.3629,9854555.368900001,32621658.5213,48027933.3026,37374472.1949,23915754.085500002,37486473.323,27582436.7868,61188600.8658,24011883.8896,86803982.7008,24517632.9067
45,11170685,552486292.9903,24367474.347000003,92602711.6958,136569052.61040002,105401124.9174,75996339.2026,93938364.0399,66503768.745400004,215500589.3209,76321486.3845,192142343.7584,68521873.5265
46,11170690,280648693.3412,25575844.4398,33678735.51359999,43239143.09909999,53586092.5401,47118130.4405,61121524.6759,43869776.6166,100616595.1149,34543233.5024,108663063.1068,36825801.6171
47,11170700,188981708.5937,12256508.8462,29218565.948000003,36881055.94850001,34400896.4596,29213805.1818,40311807.7868,28730711.0801,56512533.4706,22174267.7443,86414241.5533,23880665.8255
48,11200520,256277868.0573,20464921.8843,38188658.6483,46977511.398399994,41182897.820099995,37380561.2607,54932893.142000005,39003684.3534,73439027.5919,31855084.616,119720873.2368,31262882.6126
49,11200535,519110064.5456,32956042.4105,85693065.56830001,95273679.4263,83143597.56220001,76536101.2107,99044955.9892,69158183.8039,165557190.8433,64188254.6814,224612364.7518,64752254.2691
50,11200540,386723506.8965,29858324.0752,66386055.218399994,61946073.8038,58822406.5176,58579266.3732,89357221.9781,64341783.9139,126116180.6645,46118909.1674,162308184.9969,52180232.0677
51,11200550,405085277.297,41022613.709800005,155461829.9329,56227578.3394,43840374.653400004,39082279.438099995,54637000.440699995,38782677.2703,153338659.4968,52702414.0606,146784154.853,52260048.8866
52,11200560,335688493.4981,30248947.8514,66210064.8944,57948259.116799995,53971200.0295,47518091.8811,61741914.882,43268188.7694,123541115.1164,51181466.4641,121202493.4314,39763418.4862
53,11200570,354826402.2763,36264367.1594,37970925.6818,57444444.1868,61175847.8053,49460635.8289,80972853.15450001,59840183.345699996,98738837.7622,42944339.8259,169219478.1457,43923746.5425
54,11200580,192865612.8392,19806014.6484,18623259.285099998,30517120.2536,34017708.629200004,28414465.2746,44197202.3266,32595834.5766,52104161.9955,21737078.4361,94218601.0216,24805771.386
55,11200590,274455025.1585,24311292.9932,26196554.496600002,50516178.2958,50669414.9806,37643644.0551,62964629.3373,44747706.2313,81897115.8377,35038484.8185,123630136.8911,33889287.6112
56,11200615,357386923.9867,28533958.0726,37358523.7535,60252828.483500004,59374957.2985,52722855.1589,84934669.93450001,62754580.8803,101563955.0601,44485774.5138,167943911.4975,43393282.9153
57,11200620,222709191.9641,13887062.0599,20887526.8699,41739906.3649,39719706.9612,31924828.089900002,53807965.8201,39433645.0358,69335580.659,28793540.1929,97047639.9646,27532431.1476
58,11200645,497596044.8805,31600565.2763,49748428.7227,92962543.7073,91598960.191,66518335.6013,111830220.7172,81359236.9531,156196444.7103,66165962.8229,210352310.9008,64881326.4465
59,11200650,335955158.1637,21500188.3939,56567654.2109,70228401.0788,56603727.2735,52378987.591900006,61352415.6657,39170760.479499996,133574682.6203,43666928.0304,117309087.9927,41404459.5203
60,11200660,358162911.296,21219907.8199,68675791.2487,78940223.2053,62909822.2113,48174928.6378,60096416.0724,40624879.066,148240163.0537,47598300.4706,116765357.0039,45559090.7678
61,11200670,346830500.5268,18927442.8593,53792143.9039,67935191.9059,56844564.868599996,62251069.912300006,69038084.242,43647993.9555,127076067.7718,42019488.9915,134300114.0664,43434829.6971
62,11200690,577043684.4785,21896604.445100002,127338480.2644,134731565.81759998,103670457.2399,83965196.1685,84308008.024,53702550.2505,274812744.9106,70242826.4131,154391798.5159,77596314.6389
63,11200720,189151003.9851,9751034.454599999,39613185.736,36048270.568,31090433.3252,28745345.463800002,36532857.081300005,25185365.5778,59790338.5596,20762805.6008,83137467.0978,25460392.7269
64,11200790,349593344.5327,21529768.075900003,64886430.3114,59646802.478599995,58320777.2007,56952771.1092,76072121.7071,53011779.6048,120792537.1179,45305394.4626,137653902.4666,45841510.4856
65,11215710,652387754.2036,45251753.1946,274486947.2439,112202745.87799999,69235242.75310001,59647372.2607,75845805.0669,52797523.896,221124622.8552,94186018.9103,260921376.9506,76155735.4875
66,11215730,343679872.4314,21749382.319700003,98778577.15799999,66528931.83669999,46048407.9282,41069816.842199996,56467938.8677,39617244.4574,116875396.989,44748764.8601,139563461.0614,42492249.5209
67,11215740,270830833.9528,14264776.0232,46179422.452199996,53153687.1734,41647263.9664,41906267.073300004,57746147.6486,39391789.353300005,83532616.6371,34445488.8952,119416479.3429,33436249.0776
68,11215750,323892359.5822,23758786.7441,51588278.4729,60094385.4945,49051310.9753,50342120.7505,67452594.71740001,47539862.2537,91976884.9664,37905668.8926,154382523.3499,39627282.3733
69,11215760,270780163.5323,18478717.8919,36850445.3311,45762537.021699995,41475348.151999995,45514016.1031,65906485.5391,46970051.1674,83471979.2652,34770879.8931,119983985.7092,32553318.6648
70,11215770,443506640.9568,38612869.93969999,57844855.986200005,67063449.9303,62471828.999000005,72906860.72029999,115173585.272,81309504.5972,134270239.596,54624228.9721,199162833.7292,55449338.6595
71,11215780,273699717.8858,18515840.4749,55030760.3091,55730733.931099996,40581231.2717,34582213.5755,50098979.2485,35486121.0998,103021066.587,35920284.2915,100680509.8465,34077857.1608
72,11215810,638349868.5598,106999585.2419,68465446.3921,74112314.1031,123090980.824,95576451.15810001,107542038.326,75518720.4927,203898613.546,77927872.0512,274699656.1647,81823726.7979
73,11215820,436295263.4579,34157819.3094,88558251.7065,77124168.7616,67613621.54370001,64840453.908,85837548.1771,59046735.352000006,138867133.7345,54552750.1362,189045257.4519,53830122.1353
74,11215830,371240936.086,29813836.821999997,51447059.007699996,65038485.24030001,59845299.6825,54132851.7322,82143966.5925,57086730.5877,112269281.0639,45599572.3565,165804803.0413,47567279.6243
75,11215840,412792670.4171,41012348.9472,62147574.032,67142842.671,65829397.131699994,61587428.4894,81813037.243,56705826.291999996,130203235.9115,53077996.6781,180015712.9233,49495724.9042
76,11215847,441175766.3586,27464789.3535,92064238.5379,74007720.13820001,66116814.232300006,71274226.2866,91782768.6704,62691635.3365,146102764.2888,65714119.887,175311460.0225,54047422.1603
77,11215850,443511980.4105,34313193.473000005,82980921.4765,84097533.8936,72236291.4795,62995169.9318,81996013.4576,56459204.3812,125521516.9227,52710531.4808,209823997.9331,55455934.0739
78,11215860,375967560.4376,39461964.801,49456762.2578,54777678.6228,62933159.673499994,57112621.1337,84642037.124,59654649.841299996,112761071.4333,45856258.3338,170458127.9649,46892102.7056
79,11215870,536459486.288,57278300.2695,73709780.4129,82716812.395,92717124.5704,83868963.2956,103262243.265,70083882.1126,183924932.4317,72214587.4847,215939794.7095,64380171.6621
80,11230536,696592142.082,36102699.1734,121436599.4598,119109980.1359,108661688.7835,110546035.4827,174471125.7856,125774925.2342,260074394.5014,84891548.3612,260176612.7024,91449586.517
81,11230545,569436983.8365,39025959.246999994,118073379.7745,68406625.7551,71494285.2139,80857640.2947,166724258.1871,127110836.6053,200946908.8843,65746428.1667,229819724.393,72923922.3925
82,11230560,551032535.8155,45183000.0968,98186295.17629999,79542745.9589,81947500.1983,80589632.1139,131331772.84240001,95713485.9836,185783846.2019,72671528.7082,225063960.0045,67513200.9009
83,11230570,293486213.0244,34904106.9718,40859799.252900004,37351729.43,45401628.844,41653038.4723,67097956.5162,48673811.359,94469416.1788,35628966.2559,126560344.838,36827485.7517
84,11230600,405349787.4385,31019651.1307,49992883.1823,69952141.2576,69147160.78999999,58865220.666099995,88012713.5248,61775624.984500006,122182204.6373,47585170.8134,184279985.5694,51302426.4184
85,11230610,396825286.2159,28344570.176200002,44575006.6505,65019414.238,64911234.281399995,63818791.4771,105943839.16170001,75952637.2269,115929873.3612,47942871.1948,184621884.1483,48330657.5116
86,11230650,604580126.8772,35018750.242699996,83085893.6304,116202748.4048,105972698.0383,93931570.71900001,135120847.328,92200621.40079999,195966493.136,74114264.7359,257464092.9691,77035276.0362
87,11230660,485679210.9229,47717017.8636,53979559.617,77179726.68810001,84372506.87799999,71608987.6052,104803599.5826,75364866.59470001,160624440.6482,66479975.8569,201010170.2405,57564624.1773
88,11230705,330231195.3332,20232245.2139,46417943.8278,42042342.5526,44816824.1859,52899409.4159,110153014.2812,83579424.3278,117928423.4848,41120257.4234,129872200.2168,41310314.2082
89,11230710,359384450.3022,33743019.5179,122760582.6455,45438292.846,39126530.6183,37061259.4876,64194372.591,49190049.0354,126251419.8209,43152789.0039,142682008.5887,47298232.8887
90,11230720,293390600.0106,23059045.789,87579415.8523,40991453.2548,35889413.835700005,36819247.083399996,57847586.4008,42590246.3003,94777961.4987,38035509.9942,121681325.6592,38895802.8585
91,11230730,352225286.0789,36634508.0889,82389037.7757,45135928.8355,45954113.1512,46741164.790699996,73884671.95449999,54709814.875,104616579.1134,39474817.3197,161909010.3554,46224879.2904
92,11230740,419221318.9487,44456765.4558,152562019.8278,47332630.2712,45927753.1486,43605482.3161,69562222.8472,51612203.3741,136660840.2486,50520766.8192,178710964.8354,53328747.0455
93,11230750,270784342.2212,27813037.230800003,34016829.1796,35500404.4471,43877796.4286,38753840.589499995,70490678.5449,54319020.8751,73505769.6431,31699339.1028,131647415.3742,33931818.1011
94,11260520,363971060.9518,28044958.638800003,43782840.842,51084147.8839,56896988.2627,63695306.656399995,93992178.5512,66995815.0952,105132026.8729,42783106.4211,171417605.2266,44638322.4312
95,11260540,303023576.5755,23269894.2938,35773309.4613,46397371.16859999,48043149.8663,47030826.3398,79401599.16409999,56955243.8894,88684332.1705,35830451.7286,140431872.9626,38076919.7138
96,11260550,198278153.1212,14938148.7486,22435755.266499996,31956357.7132,32094190.5087,33575065.3711,49637754.7318,34930001.5562,60099251.5513,24802382.2229,88907668.519,24468850.828
97,11260565,485520821.5007,31572114.8862,70963341.68400002,77581276.4076,70391127.5912,87059018.99350001,121167403.0611,85848171.199,143484848.4914,61246473.4581,222218388.037,58571111.5142
98,11260570,342789633.7883,22026428.919699997,42603562.1716,51922850.9216,52094595.1372,56746216.5198,95714437.1057,69208874.91780001,101543465.4287,43855611.6144,156387406.4334,41003150.3118
99,11260575,348990917.7063,26387225.5836,50735559.7641,51858194.5995,53379312.2669,58514196.2345,89033194.1559,64105787.330699995,106823487.5926,43943112.9016,155913421.235,42310895.9771
100,11260580,319100871.5221,29147722.8722,42557133.473299995,50349363.8996,46291848.903400004,50349882.1697,75139604.8727,51610556.410000004,101974969.9218,40783948.4836,135581180.0932,40760773.0235
101,11260590,446304669.8911,20582878.985,83461827.0475,87010907.2688,66092696.1167,73144595.7437,98534335.0223,68465876.2541,147122061.3869,62231962.3621,184767221.7951,52183424.347
102,11260600,295788466.3592,25972807.0759,36470753.524399996,44101297.1041,40367915.1101,44913681.603599995,75854116.0627,55009002.9913,85253194.011,33682721.2126,139479623.1157,37372928.0199
103,11260610,447084804.3624,26691129.4589,57628912.5591,64903936.9468,63728138.260199994,79591014.0809,129137612.9296,93023407.1056,136210782.6663,58767153.4212,197816543.3076,54290324.9673
104,11260620,459851032.8608,42205649.9292,60229058.73549999,66912941.5758,72437420.55860001,68034273.0806,114884621.7518,82604716.62110001,133848258.3417,56589680.0853,212485308.1564,56927786.2774
105,11260630,324350098.7538,22209173.8736,43541978.5426,50999788.959800005,49834811.7849,54220759.0476,82451163.71419999,58913705.8475,97700632.8743,41247171.4753,146281823.1379,39120471.2663
106,11260655,658858125.6342,53093018.826000005,79985863.2871,99372579.1118,100137143.84529999,111428524.70300001,170065239.5506,118934836.6462,216299456.72,84345195.6534,276834623.9737,81378849.2871
107,11260660,214733842.5933,16765415.3813,27150907.075400002,27008197.3271,29910475.7933,38512955.7724,62574035.8826,44566734.9389,61857731.9707,23925474.0725,101750107.9974,27200528.5527
108,11260680,606185968.7747,57649303.2117,66041575.3209,82007063.0474,93630901.5835,95154091.4135,145444844.7771,101297899.1697,185518907.3232,75664077.5771,268719304.2369,76283679.6375
109,11260690,313198181.9004,30805426.9344,34430212.3407,44170670.435499996,45511406.4376,50487073.3777,84771291.8409,61043226.8881,97184085.0837,37287503.9186,139383542.0047,39343050.8934
110,11290525,374027627.4474,36939281.6299,52498707.3229,55833421.208900005,57583294.2738,58347643.502900004,89206210.8342,65099467.54009999,122293798.4023,45473653.9384,158222949.1836,48037225.9231
111,11290555,451806112.6226,46763737.382599995,91814670.9219,70005469.2705,69079854.6919,63686849.8857,85787065.5204,61829328.4701,151887515.5989,61016578.7496,183937328.9926,54964689.2815
112,11290575,445207961.6505,52098678.1835,113326963.6391,65278499.08,61830033.5328,53031790.2024,74545151.3303,54718193.7911,152760914.6336,61652111.8818,177429426.9426,53365508.1925
113,11290580,232473720.0794,26665822.826399997,26383949.7885,29310753.0242,34459597.763,35776342.80759999,63443440.876399994,47737737.6431,65486943.4183,27755684.6886,110004998.5248,29226093.4477
114,11290590,257025762.9324,31376339.76,26131479.814499997,33572244.7338,42938822.0043,39124121.6079,56185163.2141,40368127.5113,66741458.954,29317245.456,128947545.5908,32019512.9316
115,11290600,442774328.6473,49313820.1322,162603112.85029998,58271418.498900004,45032238.9042,46489406.475099996,69400453.2223,51320123.640200004,172663945.9006,55405240.1652,157807167.9328,56897974.6487
116,11290610,277969526.1434,20091828.6884,49082978.8071,43255642.437,40029534.9027,43586017.391399994,63733409.7228,45208271.4617,84666715.3506,33777179.6465,124471299.5376,35054331.6087
117,11290620,249602143.1283,28052143.7991,28279687.782300003,33236617.5231,43119710.0423,36820392.1882,56723667.853,42175256.8119,72155411.1088,32974892.2542,114813585.7037,29658254.0616
118,11290630,350349425.8926,31493082.1998,46887655.6495,49393933.6569,53749205.018999994,52249425.7949,87164531.0909,64242662.2598,99968806.2185,43165653.3972,163651974.8181,43562991.4588
119,11290640,273936640.5977,28636048.8733,77492115.8895,31940584.6797,31381943.1854,33281925.175499998,57279163.076400004,42044807.2119,93474752.1523,32310162.7242,112897465.6299,35254260.0913
120,11290650,324888753.448,30878541.141799998,43758357.7078,41971829.159600005,51020237.6217,45189723.7342,88414775.5004,65820947.102,93940038.2107,38899205.1257,151778688.3721,40270821.7395
121,11290660,615371027.875,93538138.93810001,55196809.5873,70490456.65,116378132.3679,78273632.0925,113332712.15400001,84818835.93869999,177442471.8718,76139012.7735,286431948.8013,75357594.4284
122,11290685,308721673.1869,31154992.330900002,35414960.6118,43497311.9806,53942605.449599996,47065298.833399996,73432674.2521,54482071.7297,101922363.5533,41628267.7741,128499671.6808,36671370.1787
123,11290705,669830270.0411,69565560.8397,112199487.6022,89506927.88260001,99549987.51300001,97934958.9557,151555650.303,111828501.5614,202044074.4091,80852992.8682,302982149.3759,83951053.3879
124,11290715,418053940.2219,49360591.9152,48851592.486,56644180.5088,67003697.5439,60423072.298,93204064.15869999,68550825.67770001,130006571.4465,51338461.5072,185386104.5065,51322802.7617
125,11290725,406928761.9338,36377922.275299996,70927317.6169,59696135.5018,58729014.9331,59947338.9428,91980071.1403,67508603.8125,136534263.4832,53385976.0541,167014215.1344,49994307.2621
126,11290760,353376038.4901,35713388.3115,43809005.0975,49115028.9256,54738659.1267,56623489.972,87242874.1719,62513345.7774,100458557.7148,42205975.5772,166776549.3216,43934955.8765
127,11290770,210586621.4367,16582267.0797,28636417.9797,28069918.0818,30698668.894199997,33992411.760299996,60975436.1991,45218982.809599996,65770159.123,25465723.0549,92768422.8144,26582316.4444
128,11290780,125817299.09989999,11956548.1187,17326450.8499,18669591.3422,20299149.4757,18502647.715800002,30482959.0541,21820357.413,37320993.4969,15076624.465499999,57905613.5359,15514067.6016
129,11290810,489654320.8638,39492825.4123,71093593.0971,66422510.90180001,73360536.42590001,75067507.5083,130551894.2809,96145413.2057,149466294.2371,61955744.5406,217836049.5644,60396232.5217
130,11305534,412648330.1977,39203879.0827,47296029.732700005,51924496.1154,61798943.6323,65143638.1533,118275172.5272,89532763.562,120296833.4622,50741179.6285,190782599.0535,50827718.0535
131,11305535,395187289.2868,27019865.1804,67609503.4892,50857865.7616,54114390.6971,67355585.7899,113212876.2681,83562978.3628,132112463.2728,50583912.6595,163391447.3506,49099466.0039
132,11305545,613401192.121,51676762.4872,83622345.6265,81547572.3286,93233354.6558,99823795.0508,165885428.144,122885361.20179999,199650939.4602,80319336.4368,259810611.4575,73620304.7665
133,11305555,470367743.1678,41340990.735,52165527.7829,57965634.4646,72790639.8232,79425949.51210001,137153969.953,102998985.04010001,148730843.0329,58826927.5594,204347821.5863,58462150.9892
134,11305575,397469479.05,53173210.684099995,33702475.675,46154924.0174,74111886.2401,55704959.0117,87330500.5432,66104511.641,112678412.1447,47187277.0363,188592964.1149,49010825.7541
135,11305590,315808634.8967,19911323.259800002,55156852.564899996,45686248.3919,49708078.959,50626166.7209,82129601.0636,61283122.3977,101840283.7336,40614368.8045,135372724.5999,37981257.7587
136,11305600,237618759.5923,19374063.030100003,29204518.9437,27841311.8894,34569114.9794,37260593.842999995,74252283.46040002,56556606.5009,69705541.5339,26413352.9195,111203964.8701,30295900.2688
137,11305606,270609542.7018,23457140.413999997,27646400.6569,29727581.7368,41274162.0669,42441504.6147,85941843.5138,66505861.3581,77963195.1477,32589030.8641,127332904.1838,32724412.5062
138,11305610,320601608.7513,25303485.5394,45979622.7605,39758640.0491,43752012.559999995,51950366.575100005,94961156.02180001,70603098.4041,96195977.4396,36798735.1673,146662411.305,40944484.8394
139,11305620,333052406.8348,25946911.8259,40954015.6259,40093274.0149,49234129.438099995,54105510.49609999,100944755.27530001,75898381.7658,100737354.0644,43257992.2964,150018372.622,39038687.852
140,11305630,486053820.8355,28383858.867399998,94623776.40900001,71059470.61720002,73484705.65990001,77774604.6853,120751639.9958,87478184.2176,160459377.5503,67699600.7088,200106731.273,57788111.3034
141,11305645,329484399.2293,24948998.8976,43732951.1516,42415391.6381,46928779.0996,52334280.2884,99132851.493,75365294.7973,104769466.9755,38704426.6476,144880628.411,41129877.195199996
142,11305660,505104152.8958,38263514.7541,63742801.8916,63795462.010800004,72458757.776,80260199.0053,149677109.179,113113916.6682,151045220.7658,59184187.3546,231501530.5041,63373214.2713
143,11320511,391237342.0117,35846541.4576,48333814.2598,54648024.9889,61689283.1702,61806063.4439,103921916.0957,75374468.712,122765757.4084,48760030.695,171249071.6884,48462482.2199
144,11320512,507482811.4581,41255642.1294,67449625.62539999,74583010.0788,76627863.37349999,79114812.9771,132312426.9819,95515406.9775,145638159.5758,61919016.3704,238695648.5951,61229986.9168
145,11320513,189707767.95069999,16050217.6614,21821735.833800003,20801657.396700002,29577881.7074,33045302.0078,54024146.397599995,39551026.0727,54139885.8036,22606381.633,90074294.0319,22887206.4822
146,11320514,514795489.7556,54408043.565500006,59054262.366500005,66691675.7368,80187450.7191,87748791.2292,131872551.83680001,94458265.0887,163826761.074,62362820.7059,221099664.3923,67506243.5834
147,11320515,355050831.4061,32834347.9097,45287709.4662,49691377.7481,52128319.868,55625795.574999996,91688508.30000001,64946183.974,115733627.5163,49410745.0674,146981424.5057,42925034.3167
148,11320521,319306947.0388,19951128.510799997,33952252.8864,35812040.809,42440076.463,54546931.581,114470492.4054,86788420.2226,108579484.5683,38731921.1707,131723290.7162,40272250.5836
149,11320522,350624468.6148,25603631.278300002,38338869.052499995,44606876.0113,51130256.1582,54747327.3581,108579106.86829999,79900947.687,107898589.0875,43514024.974,154236324.0975,44975530.4558
150,11320660,306695598.4891,31351881.496099997,41795916.4517,36203446.494100004,44369063.9052,45458957.495,87502334.88679999,64642481.674899995,94591186.462,37391356.0731,136709763.5311,38003292.4229
151,11320670,309418048.6562,28377894.0319,37030235.9857,43239517.6886,44518094.162599996,48143622.9378,86158634.4052,61833676.1486,94693341.1678,38654601.5959,138595307.4282,37474798.4643
152,11320680,276491890.5922,21402921.3161,39477216.1872,40126695.9262,40067133.9375,42500753.370799996,74690343.6423,54514873.296100006,87599580.4076,35852793.3491,117865920.1603,35173596.6752
153,11320681,244242413.9468,33206619.237400003,25709560.7467,29582059.8675,34354374.598,38457828.0204,64105867.4792,44890094.024900004,72531912.3951,29331623.559,111570922.1049,30807955.8878
154,11320690,418034531.3614,34187821.6857,50589762.567499995,54320708.7919,62422444.963099994,72313508.3483,116936711.9898,84945735.3078,140960926.3489,56995764.5278,170175112.9661,49902727.5186
155,11320700,212750666.1168,17144471.126000002,23666114.1956,23870846.3935,29517721.7107,35645189.344,70104492.3187,52761146.5477,64361112.1694,26702015.2888,96017716.9722,25669821.6864
156,11320710,367828639.1766,38515839.9361,37101228.8308,40966917.3486,51582543.55,57481140.5616,111641572.9636,81745954.6133,102576742.5716,41278256.914,177863612.55810001,46110027.1329
157,11350560,411634639.5806,40823287.0151,81060390.76460001,52249720.9555,60447101.449499995,53041036.7396,96355246.671,70458026.226,130967787.7495,52181963.7501,177672470.4895,50812417.5915
158,11350570,354409839.4222,37922694.6313,39173339.4113,41169705.919,51372922.9557,52778731.257,102636610.7815,78654855.4179,104970777.5877,40635454.5037,163231746.5164,45571860.8144
159,11350580,453544068.3526,37455188.7395,48688721.7952,64461363.3882,69558279.08669999,67381998.31920001,120205377.10559998,89030296.1835,131349699.383,53017422.717,212196250.7511,56980695.5015
160,11350595,755658872.5162,62316245.935499996,128335339.5111,106408339.7578,112266257.38859999,110084801.0113,183904575.99440002,131415237.1,236487080.0332,97764998.9356,329326196.7899,92080596.7575
161,11350600,768583575.2045,104483261.1819,153303629.232,97140112.18329999,111830347.0368,98220242.1326,144690269.3833,102215540.72320001,250512219.6676,91268776.2165,327920341.1188,98882238.2016
162,11350611,456968948.0825,68913858.21419999,65843906.3326,47841581.002100006,68096737.8188,74511568.2581,110562136.3346,78982120.1726,142608558.1903,51321216.1211,203982051.3773,59057122.3938
163,11350612,278742468.0229,36661446.7566,33217221.726000004,34051222.6835,45915344.9405,44462708.3406,64163423.5397,45524308.050799996,84401133.1904,35181156.758,123906513.4868,35253664.5877
164,11350619,377875776.8723,96090955.98550001,36465510.4784,28289534.2457,70989781.8378,57809673.8691,57157182.949200004,40055920.7972,120118188.0344,50543527.6178,162382165.3657,44831895.8544
165,11350621,458426088.981,115664002.359,41959175.366500005,34426760.1363,88502711.68509999,67008656.03079999,73946410.5263,53005444.909700006,130961881.4321,57147813.5429,215148547.1758,55167846.8302
166,11350624,299231792.4872,41830831.631500006,31099694.299900003,27898872.2991,46554159.5864,47378086.8539,82132981.83309999,63138693.897,92385525.2359,36566160.6898,133485340.3836,36794766.1779
167,11350625,586050907.8362,73078844.7948,63927991.7447,68721202.01190001,95191241.97530001,89052936.6515,147825483.2824,111090862.37,187606551.0371,73498371.2464,251765270.1589,73180715.3938
168,11350630,671246401.6347,65067816.5011,74824660.802,83879501.64649999,96136599.7929,109378487.9765,187695824.95090002,136043181.2202,202963774.9974,83830891.8049,302936207.8482,81515526.9842
169,11350640,508719966.2688,55327469.6141,80615925.53330001,63832275.0414,72609875.4298,84348830.7984,123179760.9021,87089658.9185,177497786.4332,74221337.2831,199623813.1276,57377029.4249
170,11350665,368378079.3189,31482297.508500002,39628984.4041,39983801.6627,51995119.9977,62987929.8593,121541353.88009998,89528096.2237,108946392.7598,45051171.6116,168629033.7542,45751481.1933
171,11350670,340362067.5528,34028999.234799996,40859869.6621,37794859.0181,47858576.1107,57377648.5333,101717290.8382,75618544.0654,104089200.3485,44658288.4055,150749012.5567,40865566.2421
172,11350695,830039703.9794,89903529.3794,110190212.2716,114088582.9079,128351153.6113,131373118.89839998,190852378.64880002,138738598.23439997,282365975.7013,105662528.0259,338434683.3908,103576516.8614
173,11350700,313595423.3081,34568997.4274,30787830.2879,52931208.314899996,47109100.1392,40695397.42479999,64820604.9866,47099579.216000006,85822138.1032,36204091.7135,152985262.2102,38583931.2812
174,11350710,317678172.247,40516055.2981,34987460.7664,41334486.805,46891101.1507,47417282.6705,77447823.4957,55741095.6979,91402608.7706,39210522.8064,148125758.2471,38939282.4229
175,11350720,240096277.6442,25767332.3915,33677426.5183,34779225.727,35265010.7165,38319811.930999994,54578938.949999996,38626327.5025,84274396.9914,32549633.8873,93254607.9401,30017638.8254
176,11380510,595980903.034,41245338.6569,77145229.7264,98733852.4322,93239929.2305,95055185.45840001,153729850.89450002,111632134.846,180502530.0544,72668074.1967,269026941.3669,73783357.416
177,11380520,555448748.5476,40382228.452199996,68117996.3433,76417472.5077,81714948.25310001,88502371.0077,162013481.426,121925965.5438,168285363.2561,71575451.3096,248796825.2115,66791108.7704
178,11380530,384883062.9562,32543788.4216,51682401.7003,53882283.9908,55663622.8233,61531437.0776,108175415.05809999,78352536.6904,109573119.1256,44946097.607,182621681.1648,47742165.0588
179,11380551,417154752.8169,35097910.5369,67928699.32789999,60545833.4163,59914610.552499995,65870910.102,107731943.81,77404754.9463,131104221.8832,56642934.8098,177718701.1305,51688894.9934
180,11380552,402935598.5987,45739562.420099996,55384371.3904,54517181.64659999,65531441.19749999,58185385.5985,94805464.44170001,69248727.169,118876692.7845,49393039.5855,184767233.3227,49898632.906
181,11380560,452526180.0526,53775760.8708,52493256.656100005,59380273.721099995,67660152.7128,67866017.0945,115202116.8779,85845735.6751,132502940.9387,51288924.7489,210829835.3449,57904479.0201
182,11380570,665043149.3676,51177846.0933,94057181.6744,114116779.73079999,103565746.8951,100202026.78,159557420.8117,114333016.4161,201527939.7164,84626343.8357,298426667.5452,80462198.2703
183,11380580,442220323.5196,47031632.1254,52534722.8313,78253036.75580001,76119096.6006,61788501.9457,96199601.6392,70370398.95930001,127500434.6718,53758563.7194,207082473.4675,53878851.6609
184,11380590,279403480.3613,26749485.2439,24301735.3564,48526565.870900005,53901423.1334,34653062.649399996,56230723.2153,40980820.071,77167343.6499,32696219.9576,134997042.9666,34542873.7872
185,11380600,421582251.3358,33982695.689,52934245.0364,65939182.2344,70491508.6845,63946545.1913,111609054.3912,81746546.402,128829873.7839,54794080.951,187248268.2654,50710028.3355
186,11380625,746224483.6962,65080630.4882,95328213.6686,111609995.7702,121446791.17019999,113059166.095,178128511.2187,130460886.31349999,222034576.4996,94304348.2075,339657427.6695,90228131.3196
187,11380631,423183148.9784,37197863.5564,53909948.8185,64523713.984,67596594.1539,63711875.0309,104535906.7113,74942311.8987,122464574.6708,53598906.1447,195392041.6554,51727626.5075
188,11380632,250928630.0508,26778544.6105,29490011.6324,35156363.249699995,38213806.4438,37240722.7051,65971193.052499995,47590245.4324,72612332.3829,29611385.7845,116485261.4191,32219650.4643
189,11380640,232862066.8748,19511373.6818,30362408.130900003,34788341.614999995,35199019.134100005,36857730.0606,60581972.0059,43855307.1668,69812097.1297,29002784.2736,104317734.8544,29729450.6171
190,11380650,207968556.8702,15182037.328699999,28439708.083,36869323.5272,34804216.396,35213305.8962,47916128.6619,33562784.726500005,65869437.4173,25662203.1723,88493720.0266,27943196.254
191,11380690,1092738354.4124,152482384.2499,116220094.47479999,139068104.55760002,190493519.25950003,151025574.1252,231476788.01340002,166718684.2881,347024107.154,135187794.8955,472770038.4963,137756413.8666
192,11410520,294429964.129,28278335.6787,36446870.962,41807670.5268,49585506.9667,47120158.1528,70058430.98550001,51934849.4805,93307917.957,36591192.1603,127121865.0983,37408988.9134
193,11410555,660895418.9131,41169379.786,97810440.74790001,136247299.9469,130966257.3804,97899769.1279,107188085.2067,73027397.23789999,233789338.5682,69268459.5886,268105384.0188,89732236.7375
194,11410565,683286303.2276,53118162.8522,112564563.38679999,136109218.66500002,130631688.29900001,104299099.0194,119666085.1644,84273385.1452,289107421.6278,84958163.4743,217249353.4499,91971364.6756
195,11410585,912479963.1583,64671504.558299996,359338716.21750003,156957916.5804,102577541.45989999,91415224.7631,113794005.4504,79800371.646,384095178.0011,122058270.3798,291317756.1341,115008758.6433
196,11410615,662886653.9686,50860050.25830001,154214194.9773,112131680.1976,101637971.0489,88132354.6085,123459178.176,89710379.264,212689512.8269,78685741.0806,286125795.9104,85385604.1507
197,11410620,419092101.7813,39041840.7196,52435107.633499995,55609828.6895,63006545.3728,66880306.3919,113669748.2476,82497474.1006,123814313.2219,50585252.1094,192271571.5807,52420964.8693
198,11410640,280693251.2961,25933577.8822,32771702.7179,35689914.168699995,39803720.1408,46116271.5811,81989369.9419,62048427.1184,86058854.163,35028912.3715,125102948.3506,34502536.411
199,11410655,173478825.4515,15956551.3272,19527165.3347,23837042.0797,26886033.0907,28370539.7724,45647776.2539,32694043.880499996,47706130.9248,21647881.8057,83987052.0932,20137760.6278
200,11410660,252450647.4967,22958366.3649,29472828.2253,34624547.685,36154012.1043,42161295.1619,70447662.2523,51220456.0303,69187455.9465,30355138.2113,122030526.9424,30877526.3965
201,11410685,442676798.7376,45724326.2097,65286277.867000006,60683968.117699996,66135975.24959999,68500783.7686,109936231.27250001,79825957.7695,140069192.7538,54311812.5837,191585857.8653,56709935.5348
202,11410690,190607284.5254,17571338.691,18383810.1786,28220948.4393,34357693.6568,24552371.619,37035467.3687,26732329.3182,59271478.3964,24008695.4755,84040528.5791,23286582.0744
203,11410700,349757130.4806,35613666.61,68054379.23619999,51808023.4784,52949541.492,48731591.7465,70966755.89199999,51745790.8763,108857407.9664,44976284.3926,153919874.0505,42003564.0711
204,11410710,250647528.9497,30576254.1642,24438876.9829,33050213.5822,44582670.657299995,36714975.5246,55655117.09989999,40535093.5723,73805599.926,31098892.158,114602822.9147,31140213.951
205,11410720,632669059.3009,59598694.7124,84888603.05939999,96298373.7404,102999611.256,92237202.6079,151986550.3825,111931980.0149,184316013.718,79380396.7087,292010059.4677,76962589.4065
206,11440555,457550015.9568,32816653.4654,57065378.34189999,91345182.7324,82490668.6243,63892924.640300006,78462451.5323,52775579.7135,161499583.2594,58007100.8132,178118943.7967,59924388.0875
207,11440565,675364662.6115,45791056.3114,99847636.3882,132948588.86569999,118084213.47760001,104218141.05759999,130963335.9545,91065500.8724,218727964.256,79357953.761,291480986.0984,85797758.4961
208,11440585,317062725.7622,22146756.8438,41197371.324599996,60719675.9664,54345687.5035,47884323.0368,68869307.0517,48381748.9464,105676076.6628,42261746.9787,130578344.5361,38546557.5846
209,11440590,519233113.1664,41531091.0272,57342026.9884,94617600.7219,102777435.2526,73915117.64019999,97459797.1375,69941779.9886,175566421.0261,67122032.5495,212057079.3295,64487580.2613
210,11440600,380357094.0372,35746265.1038,113087670.2775,61684522.4054,54527483.7871,43498409.08229999,57253901.3403,40645194.4735,138735669.5859,49950992.0952,144467402.4609,47203029.8952
211,11440610,223063403.38,26371567.7047,32925329.087899998,39302530.7817,42097507.2752,29272336.8904,36848305.9836,26203979.699599996,75270676.4068,27391406.2426,92006686.2842,28394634.4464
212,11440630,317787163.4113,30278650.555099998,48954849.3223,52687569.5051,55038768.0937,45225403.0376,62241469.1788,44535005.3283,97714822.486,38349357.6437,141470247.8747,40252735.4069
213,11440655,473050386.1741,40687498.1492,118184552.6733,85627158.2965,71297774.474,55275400.5395,75443009.5235,53628687.8274,153114394.9276,58825014.497,203488236.8871,57622739.8624
214,11440660,1175051728.4478,88299511.7594,384713263.6055,254791772.99830002,173821706.7478,114258422.7229,133194303.51930001,93484229.9266,490218466.2118,195584616.4034,369761648.0641,119486997.7685
215,11440680,391756085.3593,18239200.4722,89340399.6246,93952150.996,63963263.452999994,47221577.20020001,62298309.3076,43640531.605299994,146329314.9773,56330104.8715,141076884.5497,48019780.9608
216,11440690,348363497.3003,22726267.6322,62945451.628,76739147.89840001,58529506.519099995,43514032.691,66568155.7587,50043766.0823,105027137.8635,44234144.4967,158177414.4189,40924800.5212
217,11440700,305093364.9541,24580412.541699998,46063452.35079999,54790582.134100005,55345438.78649999,43719024.0616,61893256.05320001,45942092.7941,94081320.513,39468152.4173,134998723.7342,36545168.2896
218,11440710,334260059.5687,22115636.3647,82721775.60139999,73325699.2985,54474563.2061,35548260.9552,53203805.0465,38463462.7393,107972174.9527,43914392.1122,143257809.4689,39115683.0349
219,11440720,378142461.4474,31366542.063199997,62270922.381699994,73947840.56379999,72766588.14410001,49371367.029599994,66593345.80420001,48742921.80410001,121423664.7912,45226363.6054,163008279.149,48484153.9018
220,11440730,621370514.7432,54830717.012899995,92833782.4304,108705163.5485,109458766.517,87490661.0446,127704970.88929999,94676184.7429,193921369.4211,75532272.5087,272863051.5934,79053821.22
221,11440740,824710991.4887,76258292.6685,130040061.5493,162108356.6686,173449506.961,109127716.2426,117447591.6794,80126754.5614,335155460.2347,99800353.2471,281146866.1033,108608311.9036
222,11470510,784863941.3309,134039806.26030001,89962694.17359999,102243953.77579999,158114447.1531,112831805.3838,122617483.02630001,84405461.8063,304320647.0822,115710602.2497,271733225.994,93099466.005
223,11470520,404780420.9471,37829434.594500005,58802357.2032,74043790.4012,62373221.8309,59695973.8622,84377864.2437,58856492.2093,110715944.6244,47801101.1571,195873054.3818,50390320.7838
224,11470530,321286287.3343,27122387.7038,42964097.069299996,57063057.248,49646151.0398,47848769.8949,72747517.9839,50636468.340900004,99219047.2684,42111194.4007,141008113.2519,38947932.4133
225,11470540,326089557.0588,53022331.7359,39741929.736,38941011.7456,54848000.2089,51063043.6199,60597508.039299995,42455827.94579999,96201786.7784,40080750.2003,150036744.0137,39770276.0664
226,11470550,690131980.318,155645614.097,59320183.059300005,64674261.838300005,132660435.4235,93320632.0835,115075180.8897,81626174.9295,213952599.8225,87540324.1494,304886514.4044,83752541.9417
227,11470560,267754063.9781,17568275.7257,29924086.687700003,41813956.0819,41756960.8387,42613288.8059,77199515.2915,55574503.370400004,78779451.468,32098281.8686,124452924.9576,32423405.6839
228,11470570,264699206.6439,24485327.4819,30178339.669200003,41612114.5141,40894970.3645,37022789.643,65793229.1704,47169716.1972,78865798.2646,32421988.9238,121328858.7869,32082560.6686
229,11470580,240368462.1741,19765013.6233,28430587.4576,34153812.630899996,36379563.8893,40838275.007599995,63665637.3742,44136038.1118,78533327.8813,30387709.7921,101111925.3965,30335499.1042
230,11470590,207673708.921,20456005.6839,20606903.394199997,29191604.214500003,33827940.3428,29101844.569199998,50230458.8127,36451695.035500005,58504707.4802,24596038.9788,99640546.8663,24932415.5957
231,11470600,159743894.3224,17186953.7947,18726404.61,22993062.0511,24302206.2958,23803405.190800004,36713929.22580001,25351053.8922,50094690.6211,18759348.0008,70072442.4684,20817413.2321
232,11470610,83758611.0288,8134228.2832,9120739.8116,13708958.2324,13681874.5052,13467389.3495,20590861.971199997,14316043.543499999,28199168.0355,11295960.9604,33951429.3475,10312052.6854
233,11470611,271768177.3,23481752.5548,28350377.011,36230910.221,43356878.2275,42647298.7388,74271980.0417,53034992.7914,82990084.5931,35307099.5135,120804445.7888,32666547.4046
234,11470620,326900693.0432,53383110.8895,33874719.083900005,37303716.8714,61128659.9591,50086793.078999996,61961313.2187,43610094.7521,100838351.4291,43458910.7349,142764419.4479,39839011.4313
235,11470630,234814256.9557,41853144.000300005,24255013.972599998,25169951.3187,42330553.4066,36878432.0636,45966001.6722,32407514.299599998,71216954.8112,29506108.6482,106341234.7474,27749958.7489
236,11470640,716878455.8351,89269662.699,74021937.8346,95745504.178,116785479.6376,107108239.74059999,163200687.40289998,116365342.72399999,209623623.7117,83796836.2958,332179033.1472,91278962.6804
237,11470650,576761619.7358,56110089.0496,78715527.5298,87180326.0523,93526056.82159999,85406974.91049999,127686306.48789999,92744517.1263,180052461.1282,71324292.6989,253430219.8567,71954646.052
238,11470670,349357735.0919,62519553.6618,31766117.8795,39152645.9287,66121306.002900004,51922203.715799995,64139832.7206,45142466.7078,106834832.8044,42858160.2866,156076440.433,43588301.5679
239,11470680,388446712.4067,56764860.2097,36710194.35129999,41254114.3845,67183856.6603,58176538.319199994,92752603.0238,68839251.4262,121989444.9307,50496354.2795,169029587.2475,46931325.949
240,11500510,555368330.2102,54305457.9863,66085582.0977,112064044.7771,104369601.3073,70299398.7738,97441630.1058,65162535.909099996,169838363.634,69493822.5772,246466835.375,69569308.624
241,11500520,396757637.1696,25030653.8174,68100114.2025,95695193.37419999,62207095.823,49407239.8146,72769531.83309999,50931409.9172,125923068.1711,47899228.8144,173455819.6813,49479520.5028
242,11500530,282447170.0904,28601021.7514,36313264.8469,48791072.153,42194086.819,39158692.7097,63676475.9611,44721969.528699994,78611594.5134,30805970.8131,136558209.9904,36471394.7735
243,11500535,688680322.9062,58249043.1087,99690857.6996,121099134.4551,108365508.9772,95585801.3955,168037752.2493,124381446.8689,254721058.6295,87821187.8999,260409339.8562,85728736.5206
244,11500540,844890529.3853,45817347.8099,136436948.83380002,166466525.28329998,130432705.2351,113827039.0853,197373594.95889997,143132525.7069,249626077.8487,104941423.8715,388594285.235,101728742.4301
245,11500550,228850314.4884,19659228.104900002,28920282.0537,36874966.5648,38925710.4815,31579394.0741,52855411.945099995,38878447.492,64383624.6897,26299806.3244,109843260.1184,28323623.3559
246,11500560,341224513.3971,32843237.078500003,43222010.552499995,52397027.9932,52063359.722399995,46609224.5493,86439856.1812,62301037.5138,104320233.1227,45129300.7761,150980953.4009,40794026.0974
247,11500570,306670378.6279,25781319.3525,36330376.4322,48176940.2158,49455787.3667,42156067.5999,76051604.5939,55924267.1689,88469593.6033,36975740.5024,143654830.7354,37570213.7868
248,11500590,505828155.3725,37470962.9204,77303184.29030001,93978210.7406,80045019.764,61646341.5871,112595301.7317,82361936.551,139358526.0129,59501035.727,244342584.029,62626009.6036
249,11500591,359012073.9159,22429095.4694,59464478.1952,66520387.8075,57378140.127100006,51977714.9797,81925368.9673,57208915.3423,108911926.0051,43684126.239,160943733.2366,45472288.4352
250,11500593,496411031.8887,35631839.7421,73918052.9685,87689701.5248,81855072.0026,68786184.77149999,114646651.7223,83705615.8463,145177170.1911,65066575.3288,226088659.9488,60078626.42
251,11500603,837167167.9514,47957332.0099,155286923.3295,206605267.50449997,154941278.6399,108845188.49419999,121483106.0241,79641356.4411,326350215.4469,105758516.6967,297533660.537,107524775.2708
252,11500604,260974318.2447,12298439.886500001,28567206.095399998,47736547.654300004,34956998.1258,37954946.8768,89360472.3723,66460141.76,88983445.5226,34840625.736,102996828.3196,34153418.6665
253,11500605,189033661.0979,7751453.9811,21117705.386,42370754.8078,30766516.9731,27544550.9837,51358091.2713,37852450.4012,59570437.9362,20960371.2069,84336149.6509,24166702.3039
254,11500611,621408580.0939,93306645.6796,72209384.6972,80735585.3023,109293739.4152,84432934.9526,110422440.2783,76671988.0066,213998590.1587,74281675.9423,250983175.593,82145138.3999
255,11500615,593348430.987,72801735.518,79101560.0717,88015460.5483,106792136.39600001,77716357.38499999,116529883.6559,83006818.1958,192558550.8883,77160929.191,249106703.9039,74522247.0038
256,11500620,606890033.3676,41650706.329799995,81787353.9395,114497679.69080001,105329084.51009999,82029712.4591,110553505.7397,76752978.6264,213614659.8379,71963856.5027,239184125.9355,82127391.0915
257,11500630,576261396.8176,53845621.5153,59983644.2843,97175648.8363,97932396.59709999,79750923.4059,123100153.92659998,86597325.9019,176975858.9791,71586968.1556,256766604.8837,70931964.7992
258,11500640,439481100.2115,27831616.0623,58900529.66949999,78772531.3667,69095373.969,69621688.5311,110376793.55489999,79296491.77139999,156205331.5455,55424240.9869,172100594.241,55750933.4381
259,11500641,302401500.0813,23597243.3737,28810265.1135,52509454.4743,48235521.2495,44111933.0569,82401055.0361,60844488.912599996,92791920.3703,36235124.9852,135122107.6768,38252347.049
260,11530510,579941889.7585,52292009.4662,72036532.7252,107039388.7141,106823447.57609999,78922049.8309,103895482.8404,72201111.6102,193418874.8968,75657256.8452,238566722.9142,72299035.1023
261,11530520,297793851.1458,33021012.9454,31407048.164899997,49575153.34289999,50417752.9373,39438350.6421,55858766.9708,37536212.1603,87132237.0485,35314410.9436,137253935.0327,38093268.121
262,11530530,585990289.3715,29241162.865199998,73051745.2256,99886300.8686,108452162.85339999,109034826.8452,144012208.7155,99102583.7337,213712045.2103,72153478.2595,223453517.1194,76671248.7823
263,11530540,697955785.9604,22219371.2737,138979341.5846,175698675.7868,147400940.07639998,96218853.43810001,95665437.3317,63078412.51050001,314730236.4126,83608086.6434,207152416.316,92465046.5884
264,11530550,308419428.5325,16424984.552499998,33680608.4482,50977122.0423,53450515.5899,56655639.617699996,81782371.5023,58153424.274,95650996.8986,40987549.6843,135253597.4053,36527284.5443
265,11530560,557655613.0428,26882771.1984,91311206.38859999,115919611.5405,95351145.7717,86815665.9449,111926324.27,76649986.7303,194857374.9453,75283327.4462,217789700.8342,69725209.8171
266,11530595,198374746.7404,4566307.4908,35718757.4828,44150528.6334,35603241.4023,36214993.9033,39040555.3639,25432886.1515,65477663.6691,24676723.8733,83400278.2515,24820080.9465
267,11530720,389801033.0649,41846090.018199995,53547484.501,51089425.3829,60732186.25219999,62363039.923599996,89483719.2209,62822861.883200005,123800000.1807,48570468.6276,168809958.246,48620606.0106
268,11530730,309275070.1548,32434410.2799,34008620.752000004,38847852.9291,49384751.8573,46994720.5466,77552632.636,55883463.6803,85744981.2012,34581308.1384,150236290.7339,38712490.0813
269,11530740,512574001.6315,42223963.9579,59564102.671299994,76984247.52700001,78263848.1021,80654468.66049999,137070831.53460002,98822466.6637,156016152.753,66635288.1456,227311441.6797,62611119.0532
270,11530750,412698391.4819,33307498.4535,47523512.1574,62272962.2173,63391965.7835,59327210.8586,110699834.6726,80384682.0648,114365138.5722,52799055.912,196229401.4495,49304795.5482
271,11530760,284797462.3557,24187710.3495,30659070.541699998,38935396.7644,43879194.4759,41559072.6535,78320337.6622,56558200.697799996,83877146.0058,35297339.2927,131023670.7841,34599306.2731
272,11530770,266783087.639,18925089.359399997,42219729.2067,47712065.4984,39025608.3878,38338341.9807,64117347.15169999,46666952.2205,80584567.8901,36124612.5194,119005575.3571,31068331.8724
273,11530780,909075512.7617,86866867.8315,93931354.1002,147475875.271,152462630.7863,118587855.68759999,196880610.5791,144113118.4292,269980011.7494,112626965.455,412788736.5096,113679799.0477
274,11530790,399065717.3982,46479777.7076,46305317.910799995,57080491.2729,65750581.5354,59456551.2481,93184692.1558,64710642.8774,120474665.9755,49453134.9392,176774219.6637,52363696.8198
275,11545510,1024455065.8637,24120390.297799997,233753312.3645,273282974.5709,210001451.36839998,149992946.3008,114659506.5906,66612050.647700004,504859286.7354,118263195.4543,257951227.0591,143381356.6149
276,11545610,609619556.1552,28363007.987899996,100661348.993,129442274.97869998,100245905.8265,93604497.9747,118246606.2059,80837343.72929999,208400796.4967,77090686.3239,245198353.9008,78929719.4338
277,11545620,252628760.2918,14078624.4164,35482698.1788,44986558.840299994,38463859.461899996,44453017.2511,63947978.9041,45082793.3162,70759575.206,30331898.0379,120966942.4327,30570344.6152
278,11545630,374492819.479,19780530.9094,55946372.1245,67551571.5985,58239777.4818,67012837.9074,89594520.6801,60641080.68089999,113528383.2328,45933645.8603,169157750.7,45873039.6859
279,11545640,201534814.2301,11506623.435600001,28511765.1007,34929086.9855,31614173.7457,37256344.4413,49971866.2032,34012045.44,60463616.7788,26018700.3592,91073432.2258,23979064.8663
280,11545670,490464871.0088,37024396.4287,63126262.1137,77922000.7976,78310535.40509999,82118427.9692,119638553.64699998,84445271.0678,163088237.0252,65793418.2906,203096895.3116,58486320.3814
281,11545680,277831359.9929,33998795.0613,24280790.409199998,33256967.4918,45130402.5281,39682481.4286,72957719.1075,52138435.854,80438849.8861,34494022.76,128861955.8693,34036531.4775
282,11545690,177768947.4554,15117144.658599999,19335135.3802,26528066.016,29403418.243300002,31500801.473899998,44968333.5754,30397269.0832,60990386.9717,21740207.7097,70625793.1538,24412559.6202
283,11545700,210845260.1181,17436955.752,24834982.0328,29849943.557800002,30385059.660400003,35032353.8372,58257350.775400005,42957469.8997,57847964.4754,23937729.2951,102490835.7407,26568730.6069
284,11545710,208325487.1726,18338897.4415,24408158.8524,27444021.4894,31404394.0856,34068360.316599995,59291227.4548,43687886.2983,61316750.4565,25946507.5912,96216189.343,24846039.7819
285,11560515,331251080.4558,20545051.8926,52611119.3265,60597555.6896,49727785.7681,53313419.021,74463739.3326,51824642.3359,106449564.2379,43700878.8186,139738328.2561,41362309.1432
286,11560535,881093111.6771,38878275.3138,186880328.36630002,209065440.71319997,142432412.7028,116345907.7599,143995433.87590003,97447770.54089999,349607982.1838,119952640.0523,305232581.2483,106299908.1927
287,11560540,1544888199.5256,74770398.6548,247347884.66840002,385384681.9892,340999513.3335,213609141.3376,220356119.1844,155370234.4601,778720928.9296,187467001.2227,359865262.1728,218835007.2005
288,11560550,424145747.1842,19558882.6613,68027112.1876,91726376.1947,71965503.9424,66248397.6905,85022948.16260001,59193923.3362,153902095.841,51575550.5526,165033233.9587,53634866.8319
289,11560560,648887265.1144,41486272.2947,123628327.67740001,143974160.5591,102760944.65869999,81555954.658,108735842.56040001,77467823.4005,214915614.727,83706988.032,266011243.4727,84253418.8827
290,11560585,250316921.0552,14477919.4748,33130463.5438,47060179.1991,39714972.7623,41045503.620299995,59001264.859900005,41432918.318900004,70522894.4852,30594564.0943,118860392.4701,30339070.0056
291,11560605,697473105.8359,49742055.5264,87659864.5966,139886062.25820002,136960201.7459,98484126.6702,132828026.82849999,94374403.61930001,269941990.1185,89386751.2578,248156305.7428,89988058.7168
292,11560610,333750454.6849,20473677.4635,49693737.8113,77810445.9332,61731011.2141,43363003.7023,56548057.346,41159757.252399996,115815169.3099,37244269.4021,137762789.7653,42928226.2076
293,11560620,502900597.4257,34516751.395500004,79508843.6662,119783320.0412,90955580.0123,69984434.6348,78291891.986,51049556.9599,188452188.4779,61784890.8543,185893196.1087,66770321.9848
294,11560630,311563153.3291,20076859.8983,53116136.0571,55937974.6646,46980502.4059,45689225.0545,75192000.00580001,54282440.4118,97088029.8358,38778383.147,135180754.7817,40515985.5646
295,11560650,232291918.1417,18608945.1452,27922108.2087,37197571.7581,35240360.832399994,40259806.694900006,56611686.694800004,39549640.0259,64582419.1271,28487688.3203,111520186.6276,27701624.0667
296,11560660,135960408.9388,9568297.0888,16788547.2026,22351444.0675,22106338.7025,22754611.2536,35813752.9376,25062967.7322,39596346.4567,16538615.603,63267577.1,16557869.779099999
297,11560670,143059615.9205,11895126.4177,14821927.158599999,23809590.4715,24333173.5641,23930419.472999997,35525408.7418,24416436.2069,44634081.8239,18279919.2002,61916956.6673,18228658.2291
298,11560680,387615004.2463,34011651.6917,50231155.71879999,67131071.8441,64373570.20909999,58535794.0722,79047411.7313,55590628.7208,110499145.4973,46174130.6673,183810262.2073,47131465.8744
299,11560690,249115083.9717,24445367.083800003,33567793.501399994,40537779.104499996,40693817.792899996,36051462.356199995,50021573.526999995,35297670.1026,70605831.6469,30329044.3289,117370239.9638,30809968.0321
300,11560700,298165082.0688,18366057.0363,35731815.6717,48857503.325,49265026.5452,52721211.4074,77837067.7772,56002816.448300004,100998967.2182,40744489.4867,119594495.6215,36827129.7424
301,11560710,313384706.7496,10669170.192200001,39575939.7821,57491679.3207,56244757.1819,64387223.9848,76137477.7254,50595048.5427,96412965.7892,41825595.1926,138003488.9861,37142656.7817
302,11560720,439812702.8282,24566753.918399997,55507618.8983,75503773.195,73178024.0781,83197926.278,106755189.1608,70008930.0381,138803021.8439,57569935.3324,189209704.8122,54230040.8397
303,11590510,630942747.7377,38756216.7701,178581624.18199998,121257639.11719999,81947170.2016,71031248.9677,111213715.4664,81000237.60100001,211904814.1709,82973930.2616,255584864.7856,80479138.5196
304,11590520,314536483.0374,19892186.1673,69230018.3819,54299529.9181,43848344.174399994,48021841.1269,71915989.7137,50538695.5982,104268791.4715,39344749.7613,129976383.2538,40946558.5508
305,11590530,788662310.4552,70207455.3885,178276409.6811,110436179.5128,108032848.7319,96330868.7495,166801025.5726,123359540.8772,231781485.3469,95009199.1766,364324588.9192,97547037.0125
306,11590540,391794255.9393,29008528.6952,60103215.9711,63535087.9205,61329852.1257,53902605.1632,87932440.5446,63835428.104399994,122765291.3416,52428553.6909,169117604.6684,47482806.2384
307,11590550,317646291.6618,23703834.035800003,48864336.0213,55055583.1068,47889061.8429,44198810.3995,74621834.1408,54714300.51890001,88230553.98460001,38269111.7598,152744954.8547,38401671.0627
308,11590560,399383021.6657,33779968.6483,52955403.3965,66568352.9182,60165325.8152,54234701.6817,94673245.886,69026169.28830001,105883852.8331,45075997.6575,199255007.5315,49168163.6436
309,11590605,562660739.4402,47736377.3024,130956938.1867,75678732.27329999,78147034.5474,72202614.1775,118055583.8044,86019648.6048,189945857.3496,68842766.5865,231943523.4881,71928592.016
310,11590620,445164538.8357,23416001.8095,88024303.51519999,90026398.2571,65838059.3557,59774677.2271,95886964.14340001,67538376.5797,136311558.9618,58244292.1257,197033181.1431,53575506.6051
311,11590630,555372057.096,43991089.5524,70181186.51359999,84026931.89539999,86196136.23429999,81932215.7308,139289467.9579,102231550.7554,179818779.6279,75591022.6402,231420347.1768,68541907.6511
312,11590640,350301227.318,28811383.7593,41604073.4603,56495629.051599994,54467232.9022,48602226.5199,90295513.34,66102095.7756,101300343.7589,43453573.5154,162380091.744,43167218.2997
313,11590650,225820883.7794,14468361.427199999,35511576.201,40328575.5803,35743301.1011,30199637.477199998,53496944.918500006,38639355.456300005,61522829.4172,27093667.4339,109646314.0112,27558072.9171
314,11590651,192593924.3171,16132681.333400002,26872356.3187,33565855.9146,31802032.9265,26200243.683599997,43181499.414299995,31143115.1323,55547068.445199996,23208289.0778,89379206.7379,24459360.0562
315,11590660,727501942.2883,83969233.0993,119558564.4483,112374324.0911,120641792.6768,102704204.61140001,146351476.5744,107566172.0806,227192195.283,90471915.8701,316150932.8702,93686898.265
316,11590670,298972254.8799,30213781.2452,40905398.3653,44317078.0228,49583993.4286,47511703.8159,65389868.698,46300237.717199996,86038466.6618,34275271.633,139705960.7065,38952555.8786
317,11590680,428003610.3269,33311383.4793,66048541.6179,76520852.451,74393213.45210001,57808851.758499995,90814075.6024,67224796.4048,152026456.296,51592657.8566,169396610.7953,54987885.379
318,11620525,309028913.6923,19964854.284199998,58238954.8487,57979362.326299995,48580838.0782,39356628.696600005,67298083.5802,50046493.878,96545855.7865,36329247.0084,136940912.6019,39212898.2955
319,11620545,184166981.6458,15477705.3845,20430798.8015,30206700.4595,30911232.1736,24421041.341399997,44575554.469799995,33175651.279699996,46141695.438999996,20268144.671,95386872.6861,22370268.8497
320,11620565,415051839.0532,45929626.7447,48225823.3195,56782863.097399995,71437500.9365,57075015.886199996,97932813.7417,73596523.2386,117692870.1335,50946954.9002,195442660.8928,50969353.1267
321,11620575,416347766.6668,24800096.7517,98781960.70549999,85892659.3197,56358645.1735,47033121.3474,80142808.4253,59663575.4693,119280313.9474,48417768.2566,196694827.1515,51954857.3113
322,11620585,417518936.1582,40321433.9919,133103818.5195,82504242.7127,50253206.8973,39403425.3146,55320894.005100004,40591758.263799995,137620391.7185,57134869.8121,171346913.8954,51416760.7322
323,11620595,672573403.2171,41741550.611200005,203198999.8807,130212395.6636,81693318.396,74933017.3891,120166451.4532,87702517.4322,201411487.3128,83964619.7074,303054961.6876,84142334.5093
324,11620605,490253990.6962,37613381.427,80021435.2178,84127857.75729999,78205858.2277,65547652.393,111716687.4976,81551038.7854,143131662.8012,61737561.1152,225280764.3077,60104002.4721
325,11620615,292779826.3929,18535785.1314,72757275.6306,57451791.996,39538717.7157,34944220.7052,56987964.268400006,42199044.7567,91253810.6149,38743985.2484,127651188.8577,35130841.6719
326,11620625,430911702.9928,30821864.408699997,93256563.9707,87619347.9261,60871315.2806,52374743.5334,83426959.1186,61800243.8314,120293915.578,52680034.8269,203442277.4177,54495475.1702
327,11620630,403965663.0169,23499270.2721,83011234.9481,71311315.2588,54945299.952999994,55687283.1929,89030245.20169999,63502184.1365,123830131.4963,52567101.5966,176777187.9729,50791241.9511
328,11620645,391799608.7477,19152894.2896,109811833.1434,80999298.0824,49904451.283599995,45391675.8896,72495138.4863,52683915.0169,117433074.8281,52197294.2128,174547417.589,47621822.1178
329,11620655,288336263.7606,14511561.397,72483699.45519999,56906136.4008,39722869.573699996,36144661.9997,60066762.435499996,44862248.3469,79208223.6823,34521666.4262,139322336.4857,35284037.1664
330,11620665,306496706.5476,16679969.8874,78152418.5823,61920619.7276,42402789.4655,36374920.199499995,58574457.6394,43202742.8344,82666732.9233,34883637.6819,150469264.7382,38477071.2042
331,11620685,368507834.7722,19584273.3645,86866018.8057,70802121.9633,51010862.811000004,48977207.3494,77995455.07090001,57159547.4874,102643067.4014,44272617.5669,174581932.8477,47010216.9562
332,11620695,497307223.5022,18998282.6641,163987642.83630002,114242777.8008,65887278.18570001,49870848.7883,73544311.7147,53039694.6609,155679994.438,68255079.3016,213815422.8431,59556726.9195
333,11620715,189036052.6505,18497788.874700002,17155244.3942,23491054.7825,35682002.9306,29539668.3456,44901864.2694,32496366.4491,50185114.8891,21686079.9898,93908154.4892,23256703.2824
334,11620725,480807236.1637,20049898.718900003,100910600.93349999,104043195.8351,79747954.64410001,70097147.61230001,90285580.039,61850535.485,162906894.8696,63500200.3435,195060179.8633,59339961.0873
335,11620735,562668126.6583,33475705.648,179572009.0101,112406983.2058,77368071.7454,61707635.5426,80512174.8746,57384499.209199995,218542271.8819,67043247.6795,207181828.1626,69900778.9343
336,11620745,366195638.7825,27503225.5478,54297682.170499995,49991297.3107,54377084.5954,57677332.346599996,109210562.6072,82208678.4445,107247711.4231,44466638.2792,169273898.6922,45207390.388
337,11620765,379877507.9041,34383419.8619,56537881.5319,57160029.968899995,59610718.0052,55422257.2811,88537873.3973,64093706.0469,110201931.7583,44643178.2034,177521847.8951,47510550.0473
338,11620775,320800954.9325,28352130.510799997,44411879.4126,44096830.481,48241918.0972,50369396.677499995,83512192.8134,60785847.7162,92915025.4413,39758493.5821,148827905.2107,39299530.6984
339,11650510,546805396.8778,48453201.1628,78875357.9619,102013328.1277,107202132.2825,77537519.7106,100050260.02419999,71867992.7009,211372610.2307,67388017.5839,196329280.5211,71715488.5421
340,11650520,754889858.0067,52646564.8813,130192231.95969999,176439914.00959998,154105635.8681,100303976.055,105479454.1895,72695818.7493,326281103.9738,95397331.3668,231986536.3853,101224886.2808
341,11650530,1131989919.0017,96171189.86469999,175500716.74760002,227077280.57419997,222660251.5972,172826977.3609,189395083.3448,131039065.6409,494884793.2532,141385168.4481,347319724.8425,148400232.4579
342,11650531,722411592.0821,76374094.4408,134374521.5786,130730137.0571,137717794.9536,90323702.7025,106470660.5257,75277780.0401,287496475.4626,99435265.4827,249290784.6043,86189066.5325
343,11650540,587253025.7452,61052555.496199995,77405087.82699999,99861185.94710001,122603649.9874,86620208.4765,97881505.2318,68506090.3029,210571081.8229,72515709.4841,229086839.8456,75079394.5926
344,11650550,93667475.5017,13284681.5086,10788958.1064,11128010.1534,18462300.4212,15578113.6637,20440980.351999998,15123141.7186,30990452.6891,11573179.6299,37016398.4601,14087444.7226
345,11650560,574393018.4729,52154773.844,89114749.7509,115542954.371,118373447.9381,69822996.41569999,84740926.48719999,59544216.900000006,200302443.7769,71549852.0309,229949099.64,72591623.0251
346,11650570,292929571.3373,46947042.248100005,25763469.053600002,35723026.028699994,60845894.2264,41906758.0716,49758653.8282,36167349.7114,104614046.9372,37634399.6139,112710834.5695,37970290.2167
347,11650580,380618844.0344,48524699.2255,42722125.4062,49745444.4731,74084595.9913,59207000.2028,76142914.3648,54825386.4904,144343879.6303,54610827.2456,135744515.9026,45919621.2559
348,11650581,748136461.9945,78292352.9465,91632557.8688,118079239.7405,144844270.0793,107527510.6499,142093179.0707,101629727.0747,308951507.082,101788203.5926,247500183.8829,89896567.437
349,11650590,353431285.7116,46187520.2793,37909516.0945,45635026.6989,69889277.1577,53052170.1589,75111676.9705,55104815.7719,113863087.8707,43737791.7994,151585560.993,44244845.0485
350,11650600,367561052.4744,34113270.224199995,54375556.3925,64744320.2893,61966664.181600004,49195307.920499995,75899567.7765,54089171.9517,137395700.3227,52200756.0494,133399784.6212,44564811.4811
351,11650610,366813133.9539,30086506.3607,55710416.8573,62083453.9141,58514614.181099996,53193310.9203,84675539.6593,61149045.386199996,128993150.4039,51681698.117,140433544.7324,45704740.7006
352,11650620,334560169.9709,36549288.2632,41700653.3556,49931180.118200004,54422339.9719,52875793.859,77176051.9517,55178592.652100004,97119987.2603,35114471.1544,156339984.4931,45985727.0631
353,11650621,463095711.5382,50625704.0829,58242913.524000004,70995546.07980001,83556496.0333,69625948.762,98488950.3056,71353060.7354,151644027.7434,58041526.3049,196806426.3763,56603731.1136
354,11650651,917201215.3379999,71236821.2301,111099207.2238,166318172.5299,177065173.3502,122505410.789,171366829.9032,119834446.9,348677621.61,111724977.2264,335961960.1881,120836656.3135
355,11650652,665380560.412,37245777.3742,88868024.0968,146493639.67909998,137329917.2745,105357197.9577,113182158.21489999,74106781.6806,277675159.155,80734115.7761,215570986.1718,91400299.3091
356,11650660,436221190.5592,27440691.3956,48016199.5633,63704539.5497,77896521.8875,62941145.602,91991735.1848,64712166.6303,155225621.4489,51869927.5295,168099876.7219,61025764.8589
357,11680510,628177939.9921,51441542.130799994,120563814.6402,131813970.21149999,119428412.5534,81792390.7808,100161443.30409999,71769233.3299,282679760.26,96410745.2395,178834720.2804,70252714.2122
358,11680521,740479137.4235,28105604.2819,171285314.2257,197312796.185,141860098.73729998,85936646.844,98940191.29210001,69683127.008,298547941.8521,95611991.9359,254425886.1384,91893317.4971
359,11680531,761334891.6961,35017712.275199994,144284992.19,195025021.46809998,158460436.198,92020775.2471,103427243.2071,73964780.8166,337058216.6428,96082215.0593,234357489.3439,93836970.6501
360,11680545,741968388.992,63478423.45460001,122140107.23599999,141446102.849,139835873.3825,96024733.0007,129777018.6347,94789427.63870001,317230574.528,104776608.9358,234223973.5969,85737231.9313
361,11680565,756981131.9376,47634214.4176,124013625.55770001,165478398.0331,149197751.1661,104716357.9425,126245458.11270002,86379597.9375,319770068.1398,98091556.7777,242303783.1266,96815723.8935
362,11680580,672102258.9512,39548680.082200006,119779220.5211,169216165.7773,146576558.69820002,88276069.60679999,85148879.5132,55373240.636800006,353776206.7553,88813665.2154,145235196.7083,84277190.2722
363,11680590,692224887.8219,59667557.0692,104064828.52589999,146825206.1823,152552304.10369998,91013907.82949999,97386971.20199999,69722891.5889,270696394.1923,80369524.5407,249776773.422,91382195.6669
364,11680600,495676356.3237,144164013.6877,39862815.5004,37933048.7005,102045469.6384,61921136.7931,66753061.5808,48438155.1268,173088910.4253,71043196.566,193877391.7167,57666857.6157
365,11680610,866849087.6812,158842991.27460003,108570837.3319,136481347.37669998,170370589.1977,115851343.16139999,132149443.3008,92938136.9783,366637988.8407,114757837.802,273219575.7794,112233685.2591
366,11680630,667453203.8726,137609384.6332,92768995.23539999,108230218.3012,130084313.3574,86441794.3768,76110399.2571,53028211.3431,272283530.4485,98509865.7227,218636106.0408,78023701.6606
367,11680640,1771127262.237,78197254.5814,425973731.91050005,495375999.0092,344613021.1584,203390429.1156,193346930.3576,128194682.9125,818374016.0115,234033336.45859998,499602507.9538,219117401.8131
368,11680650,927076482.5182999,113066678.41260001,133121511.83850001,173896975.7978,205452711.9345,117232568.6752,117449827.98750001,83161127.5833,359656301.1765,109419050.0269,336921064.4977,121080066.8172
369,11680655,591421327.7824,63348318.4304,69522878.9235,94908940.7456,108077146.6807,85224488.107,116250118.92130001,82621439.8319,201224090.6479,67797352.4236,244599264.3864,77800620.3245
370,11680656,533627969.8812,78662534.5103,51739933.9165,66928150.9613,108882716.8822,77787368.2863,99066124.0535,72813535.0417,183264546.701,62281494.8839,219678070.5099,68403857.7864
371,11680660,156107086.1446,16850924.4777,12843388.957799999,21986552.279299997,29690016.209799998,24381245.173200004,37443912.7562,27134783.65,46473389.2042,16682070.4523,71873017.7537,21078608.7344
372,11680670,413030714.0498,62452005.633499995,38207917.6751,47702256.8257,75010217.3766,63387082.0984,96278599.0634,69921685.4699,135998396.6779,48897212.4202,172836515.1002,55298589.8515
373,11680690,290029588.5338,30417633.7269,34013194.8736,47426661.1331,51546461.4794,46953838.2781,59430504.2978,40419226.6635,94058506.1882,32699246.2957,125425351.2031,37846484.8468
374,11680700,800699757.8151,94740674.1246,73956218.67390001,107171525.94690001,135955507.2518,96934296.1971,158553447.67589998,115023508.1969,243936158.161,94406904.0781,359566215.7582,102790479.8178
375,11680720,437654535.8019,62463296.4639,41282352.3089,51189711.3514,73543613.8933,63813369.4429,102918256.6589,74587636.2681,144642118.8083,47285150.9916,185930429.2754,59796836.7266
376,11680730,292988211.5313,25104802.933799997,35991694.1676,45468423.7745,46589805.083000004,44736542.7276,78754363.2144,55487205.749,96750354.4451,35233424.2224,122739145.6758,38265287.188
377,11680740,280308791.5987,30811226.0405,27880762.2589,44415383.9844,50771062.1813,42737183.1629,60072412.384100005,42826532.3968,90988145.0008,32954828.5443,119687884.7016,36677933.352
378,11680750,414795741.5666,26051563.8652,43078811.7492,70799510.93079999,70235403.89039999,60607466.15099999,115290958.8742,84198648.7358,154283011.284,52590606.6147,152502239.3972,55419884.2707
379,11710510,272435597.947,20669269.4556,31417205.471800003,42436869.18709999,43232727.9477,43484054.4197,73507332.9153,49948246.406399995,84216244.6135,34952835.8184,119436047.197,33830470.3181
380,11710520,648003281.0136,49091391.9808,85956901.2588,110159495.47829999,112308790.37099999,96962125.93640001,146717843.4592,102795908.7687,232542552.8143,70612918.2867,253689649.196,91158160.7166
381,11710531,218033808.1026,20498636.9687,26573696.4961,32856999.1253,35079940.932,37413552.9097,53351114.8757,37510702.2148,70097132.2047,28260456.8977,92453699.0748,27222519.9254
382,11710532,296918527.2904,27248553.912299998,30555368.2071,46275966.5396,48325410.507599995,47740626.3785,75170946.76460001,54306843.059200004,86040787.0719,36113156.9942,137889087.9949,36875495.2294
383,11710540,220293816.4647,20290619.066600002,22078113.4192,27991836.8798,34643559.6544,37031303.579799995,59828052.43689999,43411353.371,58166596.4476,24799922.9747,110397889.4291,26929407.6133
384,11710550,276463516.0956,20799577.3773,31508115.8348,36820385.5215,40682844.9462,48075522.5185,81731562.2405,56901688.7489,84692590.4287,35301139.9762,123744597.118,32725188.5727
385,11710561,323895071.7987,46253265.1947,38345811.9622,45209500.6437,52096429.832399994,47086944.3979,66189843.6559,46692044.390599996,108386078.7498,47372757.6883,131078278.4147,37057956.9459
386,11710562,612153076.9477,37587236.3777,114376893.4352,138082778.8556,101140614.0942,80551710.08219999,105872992.53009999,71574189.1221,206509059.5467,83692597.6057,248072901.295,73878518.5003
387,11710566,322114264.3772,45114280.4362,39432832.8238,38707448.6707,51289733.3885,49526538.04,80048959.5789,57710121.7906,120455355.2412,45105854.2353,115148243.277,41404811.6237
388,11710570,653275229.0994,72047150.831,73300465.5482,92301865.8786,99704929.4631,106385259.8512,151049320.8418,104438434.6751,208734847.1308,80078902.3651,280402713.2371,84058766.3664
389,11710580,525508187.9044,41867835.6422,90666474.2821,108303658.2026,80944726.7802,69651227.2647,96472724.8972,66755389.9635,170082021.6842,69887093.3997,222931267.8928,62607804.9277
390,11710590,340053037.3336,43012985.009,39992690.7235,51277610.808699995,52766313.9198,48589492.1755,71734355.7963,49349470.4331,106668171.3392,40524425.1618,148965488.3695,43894952.4631
391,11710600,552309688.1045,41566507.2563,82915285.3528,120609124.17750001,92443243.1785,72485585.8954,105902380.2107,72442421.5292,169041657.0636,67890657.9244,247948583.3357,67428789.7808
392,11710610,538907142.885,43789994.747999996,79406840.61039999,113186383.84619999,90389349.106,71140292.7713,99668277.22079998,69104956.1291,157422855.2941,64477032.5522,250088079.9278,66919175.1109
393,11710620,670372207.6794,51587026.0433,90871808.7391,123792817.9522,117417844.5086,111972027.9766,130606728.7386,84960183.0735,225421338.9968,81094506.9303,278765535.5701,85090826.1822
394,11710631,482242119.3697,36599118.823699996,47981747.621700004,88950557.9334,86001379.4928,80790565.5952,108790458.0769,71459000.2681,149519966.1798,58876806.1901,211554936.7479,62290410.2519
395,11710632,475507753.4651,55277817.482999995,54653591.8933,70354889.2787,77885558.194,72761214.8211,107315271.0496,73506593.0111,144956577.5101,58999654.1548,212892416.6392,58659105.161
396,11710641,362879631.1859,30872044.2979,52791980.7442,68658984.24309999,58467555.452099994,53845382.8634,74903030.3044,50265120.9839,117154046.6839,43104519.161,157101486.3132,45519579.0278
397,11710642,709485546.271,29143959.3199,120423557.5778,178059473.6291,144289584.4012,104931389.1672,108484480.41009998,71393686.7103,295034035.9021,89545988.2372,236054284.4038,88851237.7279
398,11710646,595703083.2175,63458047.9537,71199673.24589999,105694220.933,97902525.2732,85871688.0204,120403704.4315,82934465.8779,180854787.6543,72953476.2319,264641600.7652,77253218.5661
399,11710647,701368719.8399,84665985.0939,59008511.4966,115587604.9589,128312969.8222,83156705.43290001,93642390.5191,61967315.4678,213580150.3185,85152818.7397,315104106.8112,87531643.9705
400,11710650,604036561.1063,53059040.5332,96096580.0994,117327421.8723,104222155.769,80222044.3725,111965659.23969999,79591000.5434,191683082.3932,81231788.1714,259379746.633,71741943.9087
401,11710670,582798678.5577,94545819.8384,56402477.2297,70973133.9807,123948742.1323,75828414.7101,91962358.734,66472161.3921,189572780.1504,79555933.3373,242400707.7706,71269257.2994
402,11710680,736260930.2759,97830947.5853,86788185.698,107008269.26609999,126994434.51840001,94791584.1338,139077997.8176,99411609.06130001,283204869.5885,102026986.694,267677972.1464,83351101.847
403,11710690,352830994.6788,38349373.8828,35006672.9551,48076795.9892,64657279.9472,45076295.8775,67844209.86449999,48214107.7045,100549761.4101,38501952.5591,168045814.1575,45733466.5521
404,11710710,684610727.0065,56222194.7436,114323270.9251,137669760.8815,125068686.04300001,96525133.2157,118127560.5663,82058772.3578,313653355.7926,101270179.577,186620026.7241,83067164.9128
405,11710720,174836756.6917,19989160.3807,19174493.727700002,22773174.987099998,28135079.511099998,25732478.9785,47163687.2228,36690290.725,53245510.7299,19696013.1561,78275005.3055,23620227.5002
406,11740515,859511591.4864,102058591.1319,81364031.5543,135242029.4482,154143477.7568,113030391.6859,177888044.4376,128159888.84959999,268538572.9164,103084494.4299,377240440.2598,110648083.8803
407,11740520,659485787.782,88753195.2846,62842877.7734,100843503.4119,124323970.5853,96911345.8837,148723572.9467,102093699.6988,200850371.2219,81010846.9644,294721140.6493,82903428.9464
408,11740530,486618171.6098,58588340.280999996,51035242.6273,67597283.7965,79976130.3516,72841172.8676,119788287.31220001,84538811.9202,153837502.2228,65711803.1087,207446630.0118,59622236.2665
409,11740540,287524028.0523,57700075.566,28494559.5847,28925891.577700004,46561718.1734,40651342.727400005,62792765.5326,43533029.83,93852413.3162,38161397.8656,120499603.6199,35010613.2506
410,11740550,434820735.6867,66509133.683800004,33767487.7416,50979906.044,79915551.69240001,51930911.438899994,76644961.9678,52460664.09819999,126531176.8615,50586429.0227,202509073.6167,55194056.1858
411,11740560,361906718.9251,38441903.5981,33779745.3426,58756214.8352,66547508.0492,54727957.6773,83970109.3391,59495080.648899995,115061787.1519,45525882.3575,153836103.2411,47482946.1746
412,11740570,496994013.9351,44903178.995900005,58948027.7674,74680603.0573,82203932.1225,77322133.0709,120694461.7749,86033075.6597,139038824.7595,59489279.6639,237723285.8387,60742623.673
413,11740580,251003726.6663,17962965.1704,27684673.5831,47218236.4565,42196579.307,37592200.2134,56271119.6645,38940346.5857,78160774.3522,32083525.0857,110345439.9952,30413987.2332
414,11740590,249792269.453,30612273.538399998,22785011.487999998,33412848.054899998,43959432.774,34303278.1757,50664009.8985,35360396.8408,78641815.1212,30337727.8654,108667540.6384,32145185.828
415,11740600,572793662.5005,53719282.3476,67221872.6143,85958585.4541,88910382.4458,86163459.4066,143808496.98229998,101740739.5468,164140825.1858,66393276.9912,271591241.4844,70668318.8391
416,11740610,776627409.8376,51073832.0101,102058145.3267,136266154.1753,121812492.68939999,124861501.5732,191402418.51990002,133016590.3688,253766348.1754,102705780.7121,326213546.0416,93941734.9085
417,11740620,492085561.0915,28688590.6292,76949122.8054,90615877.5279,74329396.2966,72419638.3063,121214261.82670002,85606867.67050001,150253355.4986,62414445.6374,219527694.014,59890065.9415
418,11740640,428958020.0335,39340095.309200004,51185827.7526,68993357.721,72424988.85010001,64883462.6116,97503066.0381,70291750.1886,142009492.4697,52420881.9632,180988881.8202,53538763.7804
419,11740650,446109464.684,27227395.5265,62248298.8299,77836669.71790001,70901773.07949999,69058992.6166,110441770.1521,78786718.10409999,137495425.5623,56872134.7948,198169119.7556,53572784.5713
420,11740660,470909449.1081,41123803.0139,64955590.8054,72920038.6339,80100609.499,76537732.9478,108511410.9274,75807377.99939999,149702634.3685,59431713.095,204645268.1496,57129833.495
421,11740685,941399896.663,69727005.88859999,120539248.38319999,146017285.3955,146543911.7787,148506077.5206,244197508.23470002,172138910.2212,300363841.6865,118673075.7316,407628448.7065,114734530.5384
422,11740690,95012346.027,14202958.8161,8740474.757199999,11825944.468400002,15273598.1777,15022637.1374,22398961.651600003,16007375.0924,29108316.2084,10474608.7201,41747815.6841,13681605.4144
423,11740700,473730014.0706,45663362.2846,54184067.883999996,66820594.2086,71099494.3159,72911891.57959999,125081350.44849999,91562296.5492,153516735.7728,56817533.9033,201801154.3843,61594590.0102
